sale_id,customer_id,product_id,quantity,total_price,payment_method,sale_date,day_of_week,product_name,price,name,phone,email,gender,age,age group,location
1,25,7,3,6000,POS,45624,Thursday,Pepper Soup,2000,Andrew Robbins,1882306534,debra59@bailey.com,Male,27,Young Adult,Victoria Island
14,25,6,3,10500,Transfer,45695,Friday,Suya & Chips,3500,Andrew Robbins,1882306534,debra59@bailey.com,Male,27,Young Adult,Victoria Island
22,25,10,2,3600,Transfer,45693,Wednesday,Palm Wine,1800,Andrew Robbins,1882306534,debra59@bailey.com,Male,27,Young Adult,Victoria Island
97,1,5,3,8100,Cash,45670,Monday,Amala & Ewedu,2700,Catherine Reynolds,3298724994,tonya54@stewart.com,Male,25,Young Adult,Victoria Island
9,2,7,1,2000,Transfer,45671,Tuesday,Pepper Soup,2000,Rebecca Yu,1.9278E+15,bondjessica@cannon.info,Male,56,Senior Adult,Victoria Island
11,22,1,1,2500,Cash,45611,Friday,Jollof Rice & Chicken,2500,Kathleen Powell,9.29226E+13,arnoldamy@blevins.biz,Male,26,Young Adult,Lekki
4,3,4,1,2800,Transfer,45625,Friday,Eba & Ogbono Soup,2800,Christian Brown,3.2138E+14,carterlisa@hotmail.com,Female,57,Senior Adult,Ikeja
36,3,1,2,5000,Transfer,45659,Thursday,Jollof Rice & Chicken,2500,Christian Brown,3.2138E+14,carterlisa@hotmail.com,Female,57,Senior Adult,Ikeja
2,38,8,2,3000,Cash,45669,Sunday,Chapman,1500,Debbie Snyder,7.18925E+13,drewellis@yahoo.com,Female,29,Young Adult,Victoria Island
51,38,10,3,5400,Cash,45668,Saturday,Palm Wine,1800,Debbie Snyder,7.18925E+13,drewellis@yahoo.com,Female,29,Young Adult,Victoria Island
63,38,5,2,5400,Transfer,45687,Thursday,Amala & Ewedu,2700,Debbie Snyder,7.18925E+13,drewellis@yahoo.com,Female,29,Young Adult,Victoria Island
3,33,2,2,4600,Transfer,45634,Sunday,Fried Rice & Beef,2300,Lori Alvarez,6.1533E+14,vazquezjordan@fletcher.com,Male,40,Middle Adult,Lekki
12,33,9,3,3000,Transfer,45643,Tuesday,Zobo Drink,1000,Lori Alvarez,6.1533E+14,vazquezjordan@fletcher.com,Male,40,Middle Adult,Lekki
49,33,7,3,6000,Transfer,45641,Sunday,Pepper Soup,2000,Lori Alvarez,6.1533E+14,vazquezjordan@fletcher.com,Male,40,Middle Adult,Lekki
93,33,2,3,6900,Transfer,45660,Friday,Fried Rice & Beef,2300,Lori Alvarez,6.1533E+14,vazquezjordan@fletcher.com,Male,40,Middle Adult,Lekki
5,42,3,2,6000,Cash,45621,Monday,Pounded Yam & Egusi,3000,Melanie Dominguez,7.12116E+13,phaney@hotmail.com,Male,36,Middle Adult,Yaba
65,6,6,2,7000,POS,45693,Wednesday,Suya & Chips,3500,Daniel Hickman,1.57471E+15,omason@hotmail.com,Female,43,Middle Adult,Yaba
84,6,2,3,6900,Cash,45614,Monday,Fried Rice & Beef,2300,Daniel Hickman,1.57471E+15,omason@hotmail.com,Female,43,Middle Adult,Yaba
6,66,3,3,9000,Transfer,45649,Monday,Pounded Yam & Egusi,3000,Gregory Smith,5.71101E+13,cranenichole@yahoo.com,Male,44,Middle Adult,Ikeja
15,7,10,3,5400,Cash,45666,Thursday,Palm Wine,1800,Deborah Benjamin,1.39828E+15,heather12@hawkins.com,Male,47,Senior Adult,Lekki
41,7,8,1,1500,Transfer,45668,Saturday,Chapman,1500,Deborah Benjamin,1.39828E+15,heather12@hawkins.com,Male,47,Senior Adult,Lekki
33,8,1,1,2500,Transfer,45683,Sunday,Jollof Rice & Chicken,2500,Robert Shelton,13650146515,jacqueline04@hotmail.com,Male,54,Senior Adult,Victoria Island
55,8,6,3,10500,Transfer,45670,Monday,Suya & Chips,3500,Robert Shelton,13650146515,jacqueline04@hotmail.com,Male,54,Senior Adult,Victoria Island
7,67,4,1,2800,Transfer,45610,Thursday,Eba & Ogbono Soup,2800,Roger Rodriguez Jr.,1.4119E+14,erinblankenship@clayton.com,Male,44,Middle Adult,Victoria Island
28,67,4,3,8400,POS,45657,Tuesday,Eba & Ogbono Soup,2800,Roger Rodriguez Jr.,1.4119E+14,erinblankenship@clayton.com,Male,44,Middle Adult,Victoria Island
99,67,10,1,1800,Cash,45636,Tuesday,Palm Wine,1800,Roger Rodriguez Jr.,1.4119E+14,erinblankenship@clayton.com,Male,44,Middle Adult,Victoria Island
8,72,9,2,2000,Cash,45678,Tuesday,Zobo Drink,1000,Caitlin Sellers,2.30599E+12,jeffrey25@hotmail.com,Male,47,Senior Adult,Victoria Island
69,10,9,2,2000,Cash,45616,Wednesday,Zobo Drink,1000,Richard Duffy,6032215937,gatesjasmine@gentry.biz,Male,33,Middle Adult,Surulere
73,10,10,1,1800,POS,45686,Wednesday,Palm Wine,1800,Richard Duffy,6032215937,gatesjasmine@gentry.biz,Male,33,Middle Adult,Surulere
90,10,2,2,4600,Cash,45622,Tuesday,Fried Rice & Beef,2300,Richard Duffy,6032215937,gatesjasmine@gentry.biz,Male,33,Middle Adult,Surulere
10,14,9,3,3000,POS,45641,Sunday,Zobo Drink,1000,Cheryl Holmes,1.9046E+14,reginadiaz@gmail.com,Female,26,Young Adult,Ikeja
58,11,10,2,3600,Transfer,45669,Sunday,Palm Wine,1800,Cole Evans,3.32705E+14,rlang@hotmail.com,Male,59,Senior Adult,Surulere
70,11,5,3,8100,Transfer,45637,Wednesday,Amala & Ewedu,2700,Cole Evans,3.32705E+14,rlang@hotmail.com,Male,59,Senior Adult,Surulere
23,12,5,3,8100,POS,45612,Saturday,Amala & Ewedu,2700,Joshua Newton,8.53817E+14,tannerrobert@salinas-mooney.info,Female,20,Young Adult,Lekki
81,12,9,2,2000,Cash,45690,Sunday,Zobo Drink,1000,Joshua Newton,8.53817E+14,tannerrobert@salinas-mooney.info,Female,20,Young Adult,Lekki
13,89,5,1,2700,Cash,45634,Sunday,Amala & Ewedu,2700,Brian Baker,3.92672E+12,anthony53@hotmail.com,Female,49,Senior Adult,Ikeja
86,89,9,3,3000,Transfer,45640,Saturday,Zobo Drink,1000,Brian Baker,3.92672E+12,anthony53@hotmail.com,Female,49,Senior Adult,Ikeja
64,13,1,3,7500,POS,45675,Saturday,Jollof Rice & Chicken,2500,Bethany Massey MD,3468240534,stoneryan@thompson-boyd.com,Male,32,Middle Adult,Yaba
16,93,6,2,7000,Transfer,45678,Tuesday,Suya & Chips,3500,Michele Leon,2.32078E+14,gfranklin@myers.com,Male,21,Young Adult,Surulere
101,93,9,2,2000,Cash,45611,Friday,Zobo Drink,1000,Michele Leon,2.32078E+14,gfranklin@myers.com,Male,21,Young Adult,Surulere
17,82,4,1,2800,Transfer,45676,Sunday,Eba & Ogbono Soup,2800,Kelly Pruitt,8138031633,hdixon@andrews.com,Male,22,Young Adult,Surulere
18,41,10,2,3600,POS,45696,Saturday,Palm Wine,1800,William Olsen,3.06812E+12,jill23@hotmail.com,Male,27,Young Adult,Yaba
40,41,5,2,5400,Transfer,45636,Tuesday,Amala & Ewedu,2700,William Olsen,3.06812E+12,jill23@hotmail.com,Male,27,Young Adult,Yaba
19,68,1,3,7500,POS,45688,Friday,Jollof Rice & Chicken,2500,Michael Forbes,1.92361E+13,kristin18@johnson.org,Female,47,Senior Adult,Surulere
59,19,6,2,7000,Cash,45694,Thursday,Suya & Chips,3500,Melissa Soto,7109312682,shafferwilliam@garrett.com,Male,60,Senior Adult,Victoria Island
76,19,3,1,3000,POS,45656,Monday,Pounded Yam & Egusi,3000,Melissa Soto,7109312682,shafferwilliam@garrett.com,Male,60,Senior Adult,Victoria Island
20,60,3,1,3000,POS,45692,Tuesday,Pounded Yam & Egusi,3000,Brian Maldonado,1.11713E+12,fostereric@rogers.com,Male,44,Middle Adult,Victoria Island
25,60,7,3,6000,Transfer,45662,Sunday,Pepper Soup,2000,Brian Maldonado,1.11713E+12,fostereric@rogers.com,Male,44,Middle Adult,Victoria Island
35,60,2,2,4600,Cash,45657,Tuesday,Fried Rice & Beef,2300,Brian Maldonado,1.11713E+12,fostereric@rogers.com,Male,44,Middle Adult,Victoria Island
53,60,6,2,7000,POS,45631,Thursday,Suya & Chips,3500,Brian Maldonado,1.11713E+12,fostereric@rogers.com,Male,44,Middle Adult,Victoria Island
21,26,1,2,5000,Cash,45686,Wednesday,Jollof Rice & Chicken,2500,Jennifer Lee,2628687188,turnersara@hotmail.com,Female,52,Senior Adult,Victoria Island
38,26,9,1,1000,Transfer,45694,Thursday,Zobo Drink,1000,Jennifer Lee,2628687188,turnersara@hotmail.com,Female,52,Senior Adult,Victoria Island
89,26,4,2,5600,POS,45630,Wednesday,Eba & Ogbono Soup,2800,Jennifer Lee,2628687188,turnersara@hotmail.com,Female,52,Senior Adult,Victoria Island
24,44,6,2,7000,Transfer,45645,Thursday,Suya & Chips,3500,Casey Berg,2.05123E+14,devin80@torres.biz,Male,39,Middle Adult,Surulere
34,24,10,2,3600,POS,45605,Saturday,Palm Wine,1800,Chad Kim,7.90437E+12,jonathan71@jackson.info,Female,60,Senior Adult,Lekki
39,24,4,2,5600,POS,45683,Sunday,Eba & Ogbono Soup,2800,Chad Kim,7.90437E+12,jonathan71@jackson.info,Female,60,Senior Adult,Lekki
96,24,8,2,3000,Transfer,45654,Saturday,Chapman,1500,Chad Kim,7.90437E+12,jonathan71@jackson.info,Female,60,Senior Adult,Lekki
26,59,10,3,5400,Transfer,45663,Monday,Palm Wine,1800,Mr. Andrew Riley II,5.92252E+12,sean31@hatfield-brown.org,Female,37,Middle Adult,Victoria Island
27,40,1,3,7500,Transfer,45669,Sunday,Jollof Rice & Chicken,2500,Cynthia Mills,8.46931E+14,sandra02@hotmail.com,Female,54,Senior Adult,Surulere
29,46,7,1,2000,Transfer,45661,Saturday,Pepper Soup,2000,Robert Wise,7.22877E+14,hwebster@graham-russo.org,Male,18,Young Adult,Victoria Island
31,46,8,2,3000,Transfer,45682,Saturday,Chapman,1500,Robert Wise,7.22877E+14,hwebster@graham-russo.org,Male,18,Young Adult,Victoria Island
43,29,5,2,5400,Transfer,45626,Saturday,Amala & Ewedu,2700,Caleb Mcclain,5.82226E+13,paul30@bass.info,Male,57,Senior Adult,Surulere
30,98,4,2,5600,Transfer,45636,Tuesday,Eba & Ogbono Soup,2800,Rebecca Lopez,1.57025E+15,tthompson@miller.net,Female,52,Senior Adult,Ikeja
79,30,5,1,2700,Transfer,45645,Thursday,Amala & Ewedu,2700,Misty Martinez,9445638533,uknapp@gomez.com,Female,50,Senior Adult,Ikeja
82,31,10,2,3600,Cash,45618,Friday,Palm Wine,1800,Bethany Coleman,5306567237,bryantsheila@blackburn.com,Female,37,Middle Adult,Victoria Island
32,76,8,1,1500,POS,45645,Thursday,Chapman,1500,Christian Collins,1474327127,danielcole@hotmail.com,Female,34,Middle Adult,Lekki
56,34,4,1,2800,Cash,45680,Thursday,Eba & Ogbono Soup,2800,Keith Martinez,1841854566,kellyjacob@kelley.com,Female,21,Young Adult,Yaba
37,36,5,3,8100,POS,45635,Monday,Amala & Ewedu,2700,Bryan West,6510292011,lclark@gray-williams.net,Female,47,Senior Adult,Yaba
88,36,7,3,6000,Transfer,45680,Thursday,Pepper Soup,2000,Bryan West,6510292011,lclark@gray-williams.net,Female,47,Senior Adult,Yaba
85,37,5,3,8100,POS,45628,Monday,Amala & Ewedu,2700,Heather Martin,9460,brandi32@gmail.com,Male,32,Middle Adult,Surulere
72,39,9,3,3000,POS,45663,Monday,Zobo Drink,1000,Stacy Cruz,895337260,sbaker@becker-ramirez.com,Female,41,Middle Adult,Yaba
42,86,4,1,2800,Transfer,45609,Wednesday,Eba & Ogbono Soup,2800,Jacqueline Mcpherson,1997453086,uortega@garcia.info,Female,29,Young Adult,Surulere
80,43,1,1,2500,POS,45643,Tuesday,Jollof Rice & Chicken,2500,Annette Jones,1.04119E+13,sbush@hotmail.com,Male,54,Senior Adult,Lekki
44,91,6,3,10500,Transfer,45656,Monday,Suya & Chips,3500,Alicia Reese,4255190437,lnelson@gmail.com,Male,54,Senior Adult,Victoria Island
45,80,6,1,3500,POS,45654,Saturday,Suya & Chips,3500,John Miller,5337665337,erikadavenport@sullivan-clarke.org,Female,52,Senior Adult,Victoria Island
66,80,10,1,1800,POS,45624,Thursday,Palm Wine,1800,John Miller,5337665337,erikadavenport@sullivan-clarke.org,Female,52,Senior Adult,Victoria Island
78,45,10,3,5400,Transfer,45628,Monday,Palm Wine,1800,Joshua Ortiz,74737005,williamdavis@davis-smith.biz,Female,41,Middle Adult,Ikeja
46,81,8,1,1500,POS,45615,Tuesday,Chapman,1500,Ryan Matthews,4065838478,scottbryant@gmail.com,Female,33,Middle Adult,Ikeja
47,77,2,3,6900,Transfer,45640,Saturday,Fried Rice & Beef,2300,Ryan Dawson,6581437820,mmorris@liu.info,Female,23,Young Adult,Yaba
94,47,5,3,8100,Transfer,45688,Friday,Amala & Ewedu,2700,Michael Williams,1.95886E+15,loribaker@anderson.info,Female,57,Senior Adult,Victoria Island
48,48,5,1,2700,POS,45676,Sunday,Amala & Ewedu,2700,Erin Rhodes,8.03959E+14,rebecca12@long-anderson.com,Male,18,Young Adult,Lekki
74,48,1,2,5000,Transfer,45657,Tuesday,Jollof Rice & Chicken,2500,Erin Rhodes,8.03959E+14,rebecca12@long-anderson.com,Male,18,Young Adult,Lekki
83,49,10,2,3600,Cash,45662,Sunday,Palm Wine,1800,Hannah Johnston,3.63525E+12,rbyrd@hotmail.com,Male,29,Young Adult,Ikeja
50,61,1,2,5000,Cash,45632,Friday,Jollof Rice & Chicken,2500,Brianna Mitchell,5836570183,darrengates@hotmail.com,Female,38,Middle Adult,Ikeja
67,51,8,3,4500,POS,45639,Friday,Chapman,1500,Joshua Mcclure,1.79351E+13,xhamilton@clark-williams.com,Male,57,Senior Adult,Victoria Island
52,69,5,2,5400,Cash,45696,Saturday,Amala & Ewedu,2700,Tiffany Gordon,3.90499E+14,kbecker@gmail.com,Female,31,Middle Adult,Ikeja
92,53,10,1,1800,POS,45682,Saturday,Palm Wine,1800,Lisa Logan,6.29227E+12,john31@malone.info,Female,37,Middle Adult,Ikeja
98,53,3,2,6000,POS,45624,Thursday,Pounded Yam & Egusi,3000,Lisa Logan,6.29227E+12,john31@malone.info,Female,37,Middle Adult,Ikeja
100,53,6,3,10500,POS,45605,Saturday,Suya & Chips,3500,Lisa Logan,6.29227E+12,john31@malone.info,Female,37,Middle Adult,Ikeja
54,54,6,3,10500,Cash,45690,Sunday,Suya & Chips,3500,Sandra Jefferson,7.52096E+13,annabarton@moreno-moore.com,Male,18,Young Adult,Ikeja
57,54,4,1,2800,Cash,45671,Tuesday,Eba & Ogbono Soup,2800,Sandra Jefferson,7.52096E+13,annabarton@moreno-moore.com,Male,18,Young Adult,Ikeja
95,57,9,2,2000,Cash,45653,Friday,Zobo Drink,1000,Bradley Day II,1.20588E+13,martinmichael@hotmail.com,Female,36,Middle Adult,Lekki
60,64,7,1,2000,Cash,45663,Monday,Pepper Soup,2000,Mark Smith,3535781228,philip75@carter-king.com,Female,51,Senior Adult,Yaba
61,88,4,2,5600,Transfer,45679,Wednesday,Eba & Ogbono Soup,2800,Hannah Knight,1.71897E+15,amanda21@morgan.com,Male,39,Middle Adult,Lekki
77,88,3,1,3000,POS,45638,Thursday,Pounded Yam & Egusi,3000,Hannah Knight,1.71897E+15,amanda21@morgan.com,Male,39,Middle Adult,Lekki
62,87,7,3,6000,POS,45608,Tuesday,Pepper Soup,2000,Jim Zamora,5.39287E+13,charlotte07@yahoo.com,Male,37,Middle Adult,Lekki
68,63,5,2,5400,POS,45610,Thursday,Amala & Ewedu,2700,Derek Powell,4.15334E+14,orrtheresa@harper.biz,Male,30,Middle Adult,Lekki
87,63,3,3,9000,Transfer,45647,Saturday,Pounded Yam & Egusi,3000,Derek Powell,4.15334E+14,orrtheresa@harper.biz,Male,30,Middle Adult,Lekki
71,83,2,1,2300,Cash,45612,Saturday,Fried Rice & Beef,2300,Jose Finley,3.0067E+12,lauren38@rasmussen-kim.com,Female,23,Young Adult,Ikeja
75,99,10,3,5400,Cash,45662,Sunday,Palm Wine,1800,Morgan Meyer,9173950695,anthony33@gmail.com,Male,58,Senior Adult,Yaba
91,78,6,1,3500,POS,45667,Friday,Suya & Chips,3500,Shawn Clark,5308002863,pattonjames@valentine.com,Male,22,Young Adult,Ikeja
102,33,7,3,6000,Transfer,45624,Thursday,Pepper Soup,2000,Lori Alvarez,6.1533E+14,vazquezjordan@fletcher.com,Male,40,Middle Adult,Lekki
103,52,1,1,2500,Transfer,45685,Tuesday,Jollof Rice & Chicken,2500,Jeffrey Anderson,7.57338E+12,anthony80@gmail.com,Female,31,Middle Adult,Ikeja
104,91,4,3,8400,Transfer,45650,Tuesday,Eba & Ogbono Soup,2800,Alicia Reese,4255190437,lnelson@gmail.com,Male,54,Senior Adult,Victoria Island
105,73,6,1,3500,POS,45696,Saturday,Suya & Chips,3500,Robert Snyder,1.23926E+14,sethjackson@phillips.com,Female,38,Middle Adult,Surulere
106,53,2,3,6900,Cash,45616,Wednesday,Fried Rice & Beef,2300,Lisa Logan,6.29227E+12,john31@malone.info,Female,37,Middle Adult,Ikeja
107,61,4,2,5600,Transfer,45659,Thursday,Eba & Ogbono Soup,2800,Brianna Mitchell,5836570183,darrengates@hotmail.com,Female,38,Middle Adult,Ikeja
108,40,2,2,4600,POS,45695,Friday,Fried Rice & Beef,2300,Cynthia Mills,8.46931E+14,sandra02@hotmail.com,Female,54,Senior Adult,Surulere
109,64,6,3,10500,Transfer,45624,Thursday,Suya & Chips,3500,Mark Smith,3535781228,philip75@carter-king.com,Female,51,Senior Adult,Yaba
110,78,10,3,5400,Transfer,45643,Tuesday,Palm Wine,1800,Shawn Clark,5308002863,pattonjames@valentine.com,Male,22,Young Adult,Ikeja
111,34,4,1,2800,POS,45678,Tuesday,Eba & Ogbono Soup,2800,Keith Martinez,1841854566,kellyjacob@kelley.com,Female,21,Young Adult,Yaba
112,25,4,3,8400,Cash,45606,Sunday,Eba & Ogbono Soup,2800,Andrew Robbins,1882306534,debra59@bailey.com,Male,27,Young Adult,Victoria Island
113,4,9,3,3000,POS,45682,Saturday,Zobo Drink,1000,John Thompson,7027791220,alexisanderson@figueroa.biz,Female,40,Middle Adult,Ikeja
114,49,10,1,1800,Cash,45684,Monday,Palm Wine,1800,Hannah Johnston,3.63525E+12,rbyrd@hotmail.com,Male,29,Young Adult,Ikeja
115,67,7,1,2000,Transfer,45687,Thursday,Pepper Soup,2000,Roger Rodriguez Jr.,1.4119E+14,erinblankenship@clayton.com,Male,44,Middle Adult,Victoria Island
116,97,10,2,3600,POS,45633,Saturday,Palm Wine,1800,Austin Ramsey,1.37136E+14,courtneyvazquez@yahoo.com,Female,23,Young Adult,Ikeja
117,71,9,3,3000,Cash,45661,Saturday,Zobo Drink,1000,Curtis Sanchez,4.80804E+14,john57@hays.biz,Male,21,Young Adult,Ikeja
118,79,9,1,1000,POS,45642,Monday,Zobo Drink,1000,Zachary Williamson,9765282439,ryan88@yang.net,Male,36,Middle Adult,Yaba
119,53,7,1,2000,Cash,45648,Sunday,Pepper Soup,2000,Lisa Logan,6.29227E+12,john31@malone.info,Female,37,Middle Adult,Ikeja
120,80,9,3,3000,Transfer,45631,Thursday,Zobo Drink,1000,John Miller,5337665337,erikadavenport@sullivan-clarke.org,Female,52,Senior Adult,Victoria Island
121,12,6,2,7000,Cash,45687,Thursday,Suya & Chips,3500,Joshua Newton,8.53817E+14,tannerrobert@salinas-mooney.info,Female,20,Young Adult,Lekki
122,88,8,3,4500,Cash,45636,Tuesday,Chapman,1500,Hannah Knight,1.71897E+15,amanda21@morgan.com,Male,39,Middle Adult,Lekki
123,67,5,3,8100,Cash,45696,Saturday,Amala & Ewedu,2700,Roger Rodriguez Jr.,1.4119E+14,erinblankenship@clayton.com,Male,44,Middle Adult,Victoria Island
124,93,2,2,4600,POS,45647,Saturday,Fried Rice & Beef,2300,Michele Leon,2.32078E+14,gfranklin@myers.com,Male,21,Young Adult,Surulere
125,56,2,3,6900,Cash,45635,Monday,Fried Rice & Beef,2300,Richard Bolton,2215862503,wagnermark@evans.com,Female,32,Middle Adult,Surulere
126,2,10,2,3600,Cash,45675,Saturday,Palm Wine,1800,Rebecca Yu,1.9278E+15,bondjessica@cannon.info,Male,56,Senior Adult,Victoria Island
127,47,10,3,5400,Cash,45644,Wednesday,Palm Wine,1800,Michael Williams,1.95886E+15,loribaker@anderson.info,Female,57,Senior Adult,Victoria Island
128,16,8,1,1500,Cash,45607,Monday,Chapman,1500,Ralph Young,3.7139E+14,agolden@yahoo.com,Male,20,Young Adult,Lekki
129,32,5,3,8100,Cash,45673,Thursday,Amala & Ewedu,2700,Mark Hall,6.69009E+14,osanchez@hammond-hodge.info,Female,20,Young Adult,Ikeja
130,50,8,3,4500,Transfer,45605,Saturday,Chapman,1500,Joshua Brown,9918142105,monica51@parker.com,Female,57,Senior Adult,Victoria Island
131,88,7,2,4000,Cash,45613,Sunday,Pepper Soup,2000,Hannah Knight,1.71897E+15,amanda21@morgan.com,Male,39,Middle Adult,Lekki
132,80,3,1,3000,Cash,45632,Friday,Pounded Yam & Egusi,3000,John Miller,5337665337,erikadavenport@sullivan-clarke.org,Female,52,Senior Adult,Victoria Island
133,91,10,2,3600,Transfer,45680,Thursday,Palm Wine,1800,Alicia Reese,4255190437,lnelson@gmail.com,Male,54,Senior Adult,Victoria Island
134,54,6,3,10500,Transfer,45668,Saturday,Suya & Chips,3500,Sandra Jefferson,7.52096E+13,annabarton@moreno-moore.com,Male,18,Young Adult,Ikeja
135,62,4,1,2800,Cash,45633,Saturday,Eba & Ogbono Soup,2800,David Thomas,1.69019E+13,tamarabates@reese.com,Male,24,Young Adult,Ikeja
136,84,6,2,7000,Transfer,45665,Wednesday,Suya & Chips,3500,Lisa Hicks,6.1646E+13,grace76@gmail.com,Male,27,Young Adult,Lekki
137,44,3,1,3000,Cash,45607,Monday,Pounded Yam & Egusi,3000,Casey Berg,2.05123E+14,devin80@torres.biz,Male,39,Middle Adult,Surulere
138,59,4,1,2800,POS,45611,Friday,Eba & Ogbono Soup,2800,Mr. Andrew Riley II,5.92252E+12,sean31@hatfield-brown.org,Female,37,Middle Adult,Victoria Island
139,46,10,3,5400,POS,45657,Tuesday,Palm Wine,1800,Robert Wise,7.22877E+14,hwebster@graham-russo.org,Male,18,Young Adult,Victoria Island
140,51,7,3,6000,Cash,45686,Wednesday,Pepper Soup,2000,Joshua Mcclure,1.79351E+13,xhamilton@clark-williams.com,Male,57,Senior Adult,Victoria Island
141,18,9,1,1000,Cash,45641,Sunday,Zobo Drink,1000,Connor Lang,3503121302,schaefercharles@sims.com,Male,42,Middle Adult,Lekki
142,18,4,2,5600,Transfer,45661,Saturday,Eba & Ogbono Soup,2800,Connor Lang,3503121302,schaefercharles@sims.com,Male,42,Middle Adult,Lekki
143,56,8,3,4500,Cash,45651,Wednesday,Chapman,1500,Richard Bolton,2215862503,wagnermark@evans.com,Female,32,Middle Adult,Surulere
144,16,3,3,9000,POS,45645,Thursday,Pounded Yam & Egusi,3000,Ralph Young,3.7139E+14,agolden@yahoo.com,Male,20,Young Adult,Lekki
145,85,10,2,3600,POS,45669,Sunday,Palm Wine,1800,Alyssa Sullivan,8.42881E+13,jacksonkevin@gmail.com,Male,46,Senior Adult,Lekki
146,48,7,3,6000,Transfer,45605,Saturday,Pepper Soup,2000,Erin Rhodes,8.03959E+14,rebecca12@long-anderson.com,Male,18,Young Adult,Lekki
147,45,8,2,3000,POS,45640,Saturday,Chapman,1500,Joshua Ortiz,74737005,williamdavis@davis-smith.biz,Female,41,Middle Adult,Ikeja
148,8,10,1,1800,Cash,45665,Wednesday,Palm Wine,1800,Robert Shelton,13650146515,jacqueline04@hotmail.com,Male,54,Senior Adult,Victoria Island
149,72,6,3,10500,Transfer,45681,Friday,Suya & Chips,3500,Caitlin Sellers,2.30599E+12,jeffrey25@hotmail.com,Male,47,Senior Adult,Victoria Island
150,93,1,1,2500,POS,45655,Sunday,Jollof Rice & Chicken,2500,Michele Leon,2.32078E+14,gfranklin@myers.com,Male,21,Young Adult,Surulere
151,42,9,3,3000,POS,45631,Thursday,Zobo Drink,1000,Melanie Dominguez,7.12116E+13,phaney@hotmail.com,Male,36,Middle Adult,Yaba
152,42,5,2,5400,Cash,45628,Monday,Amala & Ewedu,2700,Melanie Dominguez,7.12116E+13,phaney@hotmail.com,Male,36,Middle Adult,Yaba
153,68,9,3,3000,Transfer,45633,Saturday,Zobo Drink,1000,Michael Forbes,1.92361E+13,kristin18@johnson.org,Female,47,Senior Adult,Surulere
154,47,8,3,4500,POS,45613,Sunday,Chapman,1500,Michael Williams,1.95886E+15,loribaker@anderson.info,Female,57,Senior Adult,Victoria Island
155,75,2,3,6900,Cash,45637,Wednesday,Fried Rice & Beef,2300,Michael Gonzales,16500956247,becky92@yahoo.com,Female,48,Senior Adult,Ikeja
156,53,1,1,2500,POS,45638,Thursday,Jollof Rice & Chicken,2500,Lisa Logan,6.29227E+12,john31@malone.info,Female,37,Middle Adult,Ikeja
157,18,3,3,9000,Cash,45650,Tuesday,Pounded Yam & Egusi,3000,Connor Lang,3503121302,schaefercharles@sims.com,Male,42,Middle Adult,Lekki
158,10,5,1,2700,Transfer,45674,Friday,Amala & Ewedu,2700,Richard Duffy,6032215937,gatesjasmine@gentry.biz,Male,33,Middle Adult,Surulere
159,20,9,2,2000,Transfer,45690,Sunday,Zobo Drink,1000,Theresa Reyes,5.74689E+13,robersonjennifer@gmail.com,Female,33,Middle Adult,Ikeja
160,51,10,2,3600,POS,45679,Wednesday,Palm Wine,1800,Joshua Mcclure,1.79351E+13,xhamilton@clark-williams.com,Male,57,Senior Adult,Victoria Island
161,36,8,2,3000,POS,45620,Sunday,Chapman,1500,Bryan West,6510292011,lclark@gray-williams.net,Female,47,Senior Adult,Yaba
162,83,9,1,1000,Transfer,45686,Wednesday,Zobo Drink,1000,Jose Finley,3.0067E+12,lauren38@rasmussen-kim.com,Female,23,Young Adult,Ikeja
163,31,2,2,4600,POS,45673,Thursday,Fried Rice & Beef,2300,Bethany Coleman,5306567237,bryantsheila@blackburn.com,Female,37,Middle Adult,Victoria Island
164,68,2,1,2300,POS,45668,Saturday,Fried Rice & Beef,2300,Michael Forbes,1.92361E+13,kristin18@johnson.org,Female,47,Senior Adult,Surulere
165,15,9,1,1000,Transfer,45611,Friday,Zobo Drink,1000,Tony Moore,2.75739E+14,zjohnson@hotmail.com,Female,44,Middle Adult,Yaba
166,48,5,1,2700,POS,45610,Thursday,Amala & Ewedu,2700,Erin Rhodes,8.03959E+14,rebecca12@long-anderson.com,Male,18,Young Adult,Lekki
167,28,1,2,5000,POS,45674,Friday,Jollof Rice & Chicken,2500,Cynthia Russell,8.76412E+13,eddie89@barry.com,Female,48,Senior Adult,Ikeja
168,73,6,2,7000,POS,45651,Wednesday,Suya & Chips,3500,Robert Snyder,1.23926E+14,sethjackson@phillips.com,Female,38,Middle Adult,Surulere
169,71,2,3,6900,Transfer,45694,Thursday,Fried Rice & Beef,2300,Curtis Sanchez,4.80804E+14,john57@hays.biz,Male,21,Young Adult,Ikeja
170,21,10,3,5400,Transfer,45612,Saturday,Palm Wine,1800,Jeffrey Gamble,1533900422,whitedanny@bradford.com,Male,29,Young Adult,Surulere
171,39,5,3,8100,Transfer,45638,Thursday,Amala & Ewedu,2700,Stacy Cruz,895337260,sbaker@becker-ramirez.com,Female,41,Middle Adult,Yaba
172,52,1,1,2500,Transfer,45678,Tuesday,Jollof Rice & Chicken,2500,Jeffrey Anderson,7.57338E+12,anthony80@gmail.com,Female,31,Middle Adult,Ikeja
173,63,7,3,6000,Cash,45660,Friday,Pepper Soup,2000,Derek Powell,4.15334E+14,orrtheresa@harper.biz,Male,30,Middle Adult,Lekki
174,38,10,1,1800,Cash,45650,Tuesday,Palm Wine,1800,Debbie Snyder,7.18925E+13,drewellis@yahoo.com,Female,29,Young Adult,Victoria Island
175,33,10,3,5400,Transfer,45689,Saturday,Palm Wine,1800,Lori Alvarez,6.1533E+14,vazquezjordan@fletcher.com,Male,40,Middle Adult,Lekki
176,95,5,1,2700,POS,45670,Monday,Amala & Ewedu,2700,Steven Olson,4.71579E+14,grantwoods@gmail.com,Female,30,Middle Adult,Yaba
177,89,5,2,5400,Cash,45610,Thursday,Amala & Ewedu,2700,Brian Baker,3.92672E+12,anthony53@hotmail.com,Female,49,Senior Adult,Ikeja
178,46,4,2,5600,POS,45651,Wednesday,Eba & Ogbono Soup,2800,Robert Wise,7.22877E+14,hwebster@graham-russo.org,Male,18,Young Adult,Victoria Island
179,40,10,2,3600,Transfer,45649,Monday,Palm Wine,1800,Cynthia Mills,8.46931E+14,sandra02@hotmail.com,Female,54,Senior Adult,Surulere
180,14,7,1,2000,POS,45620,Sunday,Pepper Soup,2000,Cheryl Holmes,1.9046E+14,reginadiaz@gmail.com,Female,26,Young Adult,Ikeja
181,59,4,3,8400,Transfer,45650,Tuesday,Eba & Ogbono Soup,2800,Mr. Andrew Riley II,5.92252E+12,sean31@hatfield-brown.org,Female,37,Middle Adult,Victoria Island
182,49,5,3,8100,POS,45646,Friday,Amala & Ewedu,2700,Hannah Johnston,3.63525E+12,rbyrd@hotmail.com,Male,29,Young Adult,Ikeja
183,7,10,2,3600,Cash,45668,Saturday,Palm Wine,1800,Deborah Benjamin,1.39828E+15,heather12@hawkins.com,Male,47,Senior Adult,Lekki
184,95,10,2,3600,POS,45641,Sunday,Palm Wine,1800,Steven Olson,4.71579E+14,grantwoods@gmail.com,Female,30,Middle Adult,Yaba
185,62,1,1,2500,Transfer,45694,Thursday,Jollof Rice & Chicken,2500,David Thomas,1.69019E+13,tamarabates@reese.com,Male,24,Young Adult,Ikeja
186,14,2,1,2300,Cash,45640,Saturday,Fried Rice & Beef,2300,Cheryl Holmes,1.9046E+14,reginadiaz@gmail.com,Female,26,Young Adult,Ikeja
187,85,2,2,4600,Transfer,45669,Sunday,Fried Rice & Beef,2300,Alyssa Sullivan,8.42881E+13,jacksonkevin@gmail.com,Male,46,Senior Adult,Lekki
188,79,8,3,4500,Cash,45621,Monday,Chapman,1500,Zachary Williamson,9765282439,ryan88@yang.net,Male,36,Middle Adult,Yaba
189,77,5,3,8100,Transfer,45687,Thursday,Amala & Ewedu,2700,Ryan Dawson,6581437820,mmorris@liu.info,Female,23,Young Adult,Yaba
190,58,6,3,10500,Transfer,45651,Wednesday,Suya & Chips,3500,Bruce Campbell,3515,rnielsen@arellano.com,Male,20,Young Adult,Yaba
191,13,8,2,3000,Transfer,45682,Saturday,Chapman,1500,Bethany Massey MD,3468240534,stoneryan@thompson-boyd.com,Male,32,Middle Adult,Yaba
192,53,3,2,6000,POS,45683,Sunday,Pounded Yam & Egusi,3000,Lisa Logan,6.29227E+12,john31@malone.info,Female,37,Middle Adult,Ikeja
193,52,10,2,3600,Transfer,45651,Wednesday,Palm Wine,1800,Jeffrey Anderson,7.57338E+12,anthony80@gmail.com,Female,31,Middle Adult,Ikeja
194,2,4,3,8400,Cash,45641,Sunday,Eba & Ogbono Soup,2800,Rebecca Yu,1.9278E+15,bondjessica@cannon.info,Male,56,Senior Adult,Victoria Island
195,71,9,3,3000,Cash,45669,Sunday,Zobo Drink,1000,Curtis Sanchez,4.80804E+14,john57@hays.biz,Male,21,Young Adult,Ikeja
196,3,1,2,5000,POS,45624,Thursday,Jollof Rice & Chicken,2500,Christian Brown,3.2138E+14,carterlisa@hotmail.com,Female,57,Senior Adult,Ikeja
197,44,2,3,6900,POS,45620,Sunday,Fried Rice & Beef,2300,Casey Berg,2.05123E+14,devin80@torres.biz,Male,39,Middle Adult,Surulere
198,29,10,3,5400,Transfer,45665,Wednesday,Palm Wine,1800,Caleb Mcclain,5.82226E+13,paul30@bass.info,Male,57,Senior Adult,Surulere
199,9,5,3,8100,Cash,45620,Sunday,Amala & Ewedu,2700,Steven Kennedy,1598898484,christyscott@hotmail.com,Female,41,Middle Adult,Yaba
200,78,3,2,6000,Cash,45658,Wednesday,Pounded Yam & Egusi,3000,Shawn Clark,5308002863,pattonjames@valentine.com,Male,22,Young Adult,Ikeja
201,25,6,3,10500,POS,45663,Monday,Suya & Chips,3500,Andrew Robbins,1882306534,debra59@bailey.com,Male,27,Young Adult,Victoria Island
202,88,9,1,1000,Cash,45632,Friday,Zobo Drink,1000,Hannah Knight,1.71897E+15,amanda21@morgan.com,Male,39,Middle Adult,Lekki
203,23,10,2,3600,Transfer,45658,Wednesday,Palm Wine,1800,Karen Hamilton,1276795899,gardnerautumn@miller.org,Female,32,Middle Adult,Lekki
204,45,10,2,3600,Transfer,45633,Saturday,Palm Wine,1800,Joshua Ortiz,74737005,williamdavis@davis-smith.biz,Female,41,Middle Adult,Ikeja
205,78,7,2,4000,POS,45680,Thursday,Pepper Soup,2000,Shawn Clark,5308002863,pattonjames@valentine.com,Male,22,Young Adult,Ikeja
206,56,10,1,1800,Cash,45606,Sunday,Palm Wine,1800,Richard Bolton,2215862503,wagnermark@evans.com,Female,32,Middle Adult,Surulere
207,66,7,2,4000,Transfer,45669,Sunday,Pepper Soup,2000,Gregory Smith,5.71101E+13,cranenichole@yahoo.com,Male,44,Middle Adult,Ikeja
208,98,8,2,3000,POS,45652,Thursday,Chapman,1500,Rebecca Lopez,1.57025E+15,tthompson@miller.net,Female,52,Senior Adult,Ikeja
209,23,1,3,7500,Cash,45684,Monday,Jollof Rice & Chicken,2500,Karen Hamilton,1276795899,gardnerautumn@miller.org,Female,32,Middle Adult,Lekki
210,63,1,2,5000,POS,45626,Saturday,Jollof Rice & Chicken,2500,Derek Powell,4.15334E+14,orrtheresa@harper.biz,Male,30,Middle Adult,Lekki
211,29,5,2,5400,Cash,45615,Tuesday,Amala & Ewedu,2700,Caleb Mcclain,5.82226E+13,paul30@bass.info,Male,57,Senior Adult,Surulere
212,97,2,2,4600,POS,45607,Monday,Fried Rice & Beef,2300,Austin Ramsey,1.37136E+14,courtneyvazquez@yahoo.com,Female,23,Young Adult,Ikeja
213,26,7,3,6000,Cash,45607,Monday,Pepper Soup,2000,Jennifer Lee,2628687188,turnersara@hotmail.com,Female,52,Senior Adult,Victoria Island
214,52,6,2,7000,Transfer,45632,Friday,Suya & Chips,3500,Jeffrey Anderson,7.57338E+12,anthony80@gmail.com,Female,31,Middle Adult,Ikeja
215,97,9,2,2000,POS,45643,Tuesday,Zobo Drink,1000,Austin Ramsey,1.37136E+14,courtneyvazquez@yahoo.com,Female,23,Young Adult,Ikeja
216,68,5,2,5400,Cash,45680,Thursday,Amala & Ewedu,2700,Michael Forbes,1.92361E+13,kristin18@johnson.org,Female,47,Senior Adult,Surulere
217,93,5,2,5400,Transfer,45606,Sunday,Amala & Ewedu,2700,Michele Leon,2.32078E+14,gfranklin@myers.com,Male,21,Young Adult,Surulere
218,60,9,2,2000,POS,45638,Thursday,Zobo Drink,1000,Brian Maldonado,1.11713E+12,fostereric@rogers.com,Male,44,Middle Adult,Victoria Island
219,17,4,3,8400,POS,45681,Friday,Eba & Ogbono Soup,2800,Andrea White,1.87159E+15,bsoto@leach-morgan.com,Female,39,Middle Adult,Yaba
220,61,5,1,2700,POS,45693,Wednesday,Amala & Ewedu,2700,Brianna Mitchell,5836570183,darrengates@hotmail.com,Female,38,Middle Adult,Ikeja
221,83,1,3,7500,Cash,45659,Thursday,Jollof Rice & Chicken,2500,Jose Finley,3.0067E+12,lauren38@rasmussen-kim.com,Female,23,Young Adult,Ikeja
222,90,9,1,1000,Cash,45654,Saturday,Zobo Drink,1000,Harold Wood,1788435724,jodi01@yahoo.com,Male,44,Middle Adult,Ikeja
223,97,1,2,5000,Transfer,45654,Saturday,Jollof Rice & Chicken,2500,Austin Ramsey,1.37136E+14,courtneyvazquez@yahoo.com,Female,23,Young Adult,Ikeja
224,2,5,2,5400,Cash,45644,Wednesday,Amala & Ewedu,2700,Rebecca Yu,1.9278E+15,bondjessica@cannon.info,Male,56,Senior Adult,Victoria Island
225,76,3,2,6000,Transfer,45634,Sunday,Pounded Yam & Egusi,3000,Christian Collins,1474327127,danielcole@hotmail.com,Female,34,Middle Adult,Lekki
226,58,10,3,5400,Cash,45615,Tuesday,Palm Wine,1800,Bruce Campbell,3515,rnielsen@arellano.com,Male,20,Young Adult,Yaba
227,5,5,2,5400,Cash,45621,Monday,Amala & Ewedu,2700,Steven Moore,9282354959,mark66@yahoo.com,Male,46,Senior Adult,Surulere
228,27,2,2,4600,Cash,45630,Wednesday,Fried Rice & Beef,2300,Vincent Lee,13166157013,istout@gmail.com,Male,56,Senior Adult,Ikeja
229,28,2,3,6900,Transfer,45695,Friday,Fried Rice & Beef,2300,Cynthia Russell,8.76412E+13,eddie89@barry.com,Female,48,Senior Adult,Ikeja
230,87,4,3,8400,Cash,45688,Friday,Eba & Ogbono Soup,2800,Jim Zamora,5.39287E+13,charlotte07@yahoo.com,Male,37,Middle Adult,Lekki
231,17,9,1,1000,Cash,45615,Tuesday,Zobo Drink,1000,Andrea White,1.87159E+15,bsoto@leach-morgan.com,Female,39,Middle Adult,Yaba
232,39,9,1,1000,POS,45665,Wednesday,Zobo Drink,1000,Stacy Cruz,895337260,sbaker@becker-ramirez.com,Female,41,Middle Adult,Yaba
233,44,6,3,10500,Transfer,45645,Thursday,Suya & Chips,3500,Casey Berg,2.05123E+14,devin80@torres.biz,Male,39,Middle Adult,Surulere
234,43,9,1,1000,Transfer,45644,Wednesday,Zobo Drink,1000,Annette Jones,1.04119E+13,sbush@hotmail.com,Male,54,Senior Adult,Lekki
235,68,8,2,3000,POS,45617,Thursday,Chapman,1500,Michael Forbes,1.92361E+13,kristin18@johnson.org,Female,47,Senior Adult,Surulere
236,48,8,3,4500,Transfer,45616,Wednesday,Chapman,1500,Erin Rhodes,8.03959E+14,rebecca12@long-anderson.com,Male,18,Young Adult,Lekki
237,64,9,3,3000,Transfer,45650,Tuesday,Zobo Drink,1000,Mark Smith,3535781228,philip75@carter-king.com,Female,51,Senior Adult,Yaba
238,47,7,2,4000,POS,45659,Thursday,Pepper Soup,2000,Michael Williams,1.95886E+15,loribaker@anderson.info,Female,57,Senior Adult,Victoria Island
239,61,4,3,8400,Transfer,45638,Thursday,Eba & Ogbono Soup,2800,Brianna Mitchell,5836570183,darrengates@hotmail.com,Female,38,Middle Adult,Ikeja
240,92,5,3,8100,Transfer,45681,Friday,Amala & Ewedu,2700,Jason Evans,4.75414E+12,grantcraig@hotmail.com,Female,31,Middle Adult,Lekki
241,24,5,2,5400,Transfer,45654,Saturday,Amala & Ewedu,2700,Chad Kim,7.90437E+12,jonathan71@jackson.info,Female,60,Senior Adult,Lekki
242,97,6,1,3500,Cash,45646,Friday,Suya & Chips,3500,Austin Ramsey,1.37136E+14,courtneyvazquez@yahoo.com,Female,23,Young Adult,Ikeja
243,99,5,2,5400,Cash,45640,Saturday,Amala & Ewedu,2700,Morgan Meyer,9173950695,anthony33@gmail.com,Male,58,Senior Adult,Yaba
244,3,3,3,9000,Transfer,45659,Thursday,Pounded Yam & Egusi,3000,Christian Brown,3.2138E+14,carterlisa@hotmail.com,Female,57,Senior Adult,Ikeja
245,88,9,1,1000,Transfer,45687,Thursday,Zobo Drink,1000,Hannah Knight,1.71897E+15,amanda21@morgan.com,Male,39,Middle Adult,Lekki
246,80,3,3,9000,Transfer,45660,Friday,Pounded Yam & Egusi,3000,John Miller,5337665337,erikadavenport@sullivan-clarke.org,Female,52,Senior Adult,Victoria Island
247,71,3,2,6000,POS,45607,Monday,Pounded Yam & Egusi,3000,Curtis Sanchez,4.80804E+14,john57@hays.biz,Male,21,Young Adult,Ikeja
248,34,9,1,1000,Transfer,45620,Sunday,Zobo Drink,1000,Keith Martinez,1841854566,kellyjacob@kelley.com,Female,21,Young Adult,Yaba
249,11,7,1,2000,Transfer,45618,Friday,Pepper Soup,2000,Cole Evans,3.32705E+14,rlang@hotmail.com,Male,59,Senior Adult,Surulere
250,93,3,1,3000,Transfer,45644,Wednesday,Pounded Yam & Egusi,3000,Michele Leon,2.32078E+14,gfranklin@myers.com,Male,21,Young Adult,Surulere
251,37,2,2,4600,Cash,45615,Tuesday,Fried Rice & Beef,2300,Heather Martin,9460,brandi32@gmail.com,Male,32,Middle Adult,Surulere
252,32,6,3,10500,Cash,45696,Saturday,Suya & Chips,3500,Mark Hall,6.69009E+14,osanchez@hammond-hodge.info,Female,20,Young Adult,Ikeja
253,63,9,3,3000,POS,45687,Thursday,Zobo Drink,1000,Derek Powell,4.15334E+14,orrtheresa@harper.biz,Male,30,Middle Adult,Lekki
254,71,9,2,2000,Transfer,45650,Tuesday,Zobo Drink,1000,Curtis Sanchez,4.80804E+14,john57@hays.biz,Male,21,Young Adult,Ikeja
255,63,1,2,5000,Cash,45695,Friday,Jollof Rice & Chicken,2500,Derek Powell,4.15334E+14,orrtheresa@harper.biz,Male,30,Middle Adult,Lekki
256,77,2,3,6900,Cash,45680,Thursday,Fried Rice & Beef,2300,Ryan Dawson,6581437820,mmorris@liu.info,Female,23,Young Adult,Yaba
257,20,10,1,1800,Transfer,45673,Thursday,Palm Wine,1800,Theresa Reyes,5.74689E+13,robersonjennifer@gmail.com,Female,33,Middle Adult,Ikeja
258,71,9,1,1000,Transfer,45625,Friday,Zobo Drink,1000,Curtis Sanchez,4.80804E+14,john57@hays.biz,Male,21,Young Adult,Ikeja
259,83,4,2,5600,POS,45696,Saturday,Eba & Ogbono Soup,2800,Jose Finley,3.0067E+12,lauren38@rasmussen-kim.com,Female,23,Young Adult,Ikeja
260,62,5,3,8100,Cash,45617,Thursday,Amala & Ewedu,2700,David Thomas,1.69019E+13,tamarabates@reese.com,Male,24,Young Adult,Ikeja
261,22,2,3,6900,Transfer,45651,Wednesday,Fried Rice & Beef,2300,Kathleen Powell,9.29226E+13,arnoldamy@blevins.biz,Male,26,Young Adult,Lekki
262,38,10,1,1800,Cash,45608,Tuesday,Palm Wine,1800,Debbie Snyder,7.18925E+13,drewellis@yahoo.com,Female,29,Young Adult,Victoria Island
263,95,2,3,6900,Cash,45666,Thursday,Fried Rice & Beef,2300,Steven Olson,4.71579E+14,grantwoods@gmail.com,Female,30,Middle Adult,Yaba
264,38,7,1,2000,POS,45636,Tuesday,Pepper Soup,2000,Debbie Snyder,7.18925E+13,drewellis@yahoo.com,Female,29,Young Adult,Victoria Island
265,8,4,3,8400,Transfer,45678,Tuesday,Eba & Ogbono Soup,2800,Robert Shelton,13650146515,jacqueline04@hotmail.com,Male,54,Senior Adult,Victoria Island
266,41,3,2,6000,POS,45606,Sunday,Pounded Yam & Egusi,3000,William Olsen,3.06812E+12,jill23@hotmail.com,Male,27,Young Adult,Yaba
267,84,10,2,3600,POS,45606,Sunday,Palm Wine,1800,Lisa Hicks,6.1646E+13,grace76@gmail.com,Male,27,Young Adult,Lekki
268,66,6,1,3500,Transfer,45672,Wednesday,Suya & Chips,3500,Gregory Smith,5.71101E+13,cranenichole@yahoo.com,Male,44,Middle Adult,Ikeja
269,29,9,1,1000,POS,45637,Wednesday,Zobo Drink,1000,Caleb Mcclain,5.82226E+13,paul30@bass.info,Male,57,Senior Adult,Surulere
270,90,5,3,8100,Cash,45611,Friday,Amala & Ewedu,2700,Harold Wood,1788435724,jodi01@yahoo.com,Male,44,Middle Adult,Ikeja
271,95,8,3,4500,POS,45623,Wednesday,Chapman,1500,Steven Olson,4.71579E+14,grantwoods@gmail.com,Female,30,Middle Adult,Yaba
272,27,5,2,5400,POS,45686,Wednesday,Amala & Ewedu,2700,Vincent Lee,13166157013,istout@gmail.com,Male,56,Senior Adult,Ikeja
273,46,2,3,6900,Transfer,45692,Tuesday,Fried Rice & Beef,2300,Robert Wise,7.22877E+14,hwebster@graham-russo.org,Male,18,Young Adult,Victoria Island
274,20,8,2,3000,POS,45648,Sunday,Chapman,1500,Theresa Reyes,5.74689E+13,robersonjennifer@gmail.com,Female,33,Middle Adult,Ikeja
275,88,9,1,1000,POS,45663,Monday,Zobo Drink,1000,Hannah Knight,1.71897E+15,amanda21@morgan.com,Male,39,Middle Adult,Lekki
276,18,2,1,2300,Transfer,45684,Monday,Fried Rice & Beef,2300,Connor Lang,3503121302,schaefercharles@sims.com,Male,42,Middle Adult,Lekki
277,7,10,1,1800,POS,45634,Sunday,Palm Wine,1800,Deborah Benjamin,1.39828E+15,heather12@hawkins.com,Male,47,Senior Adult,Lekki
278,10,3,3,9000,Transfer,45612,Saturday,Pounded Yam & Egusi,3000,Richard Duffy,6032215937,gatesjasmine@gentry.biz,Male,33,Middle Adult,Surulere
279,13,7,1,2000,Transfer,45658,Wednesday,Pepper Soup,2000,Bethany Massey MD,3468240534,stoneryan@thompson-boyd.com,Male,32,Middle Adult,Yaba
280,85,4,3,8400,Transfer,45633,Saturday,Eba & Ogbono Soup,2800,Alyssa Sullivan,8.42881E+13,jacksonkevin@gmail.com,Male,46,Senior Adult,Lekki
281,95,6,1,3500,POS,45615,Tuesday,Suya & Chips,3500,Steven Olson,4.71579E+14,grantwoods@gmail.com,Female,30,Middle Adult,Yaba
282,63,10,2,3600,Transfer,45642,Monday,Palm Wine,1800,Derek Powell,4.15334E+14,orrtheresa@harper.biz,Male,30,Middle Adult,Lekki
283,63,10,2,3600,Transfer,45651,Wednesday,Palm Wine,1800,Derek Powell,4.15334E+14,orrtheresa@harper.biz,Male,30,Middle Adult,Lekki
284,95,9,1,1000,Cash,45693,Wednesday,Zobo Drink,1000,Steven Olson,4.71579E+14,grantwoods@gmail.com,Female,30,Middle Adult,Yaba
285,10,7,2,4000,Cash,45637,Wednesday,Pepper Soup,2000,Richard Duffy,6032215937,gatesjasmine@gentry.biz,Male,33,Middle Adult,Surulere
286,80,1,1,2500,Transfer,45618,Friday,Jollof Rice & Chicken,2500,John Miller,5337665337,erikadavenport@sullivan-clarke.org,Female,52,Senior Adult,Victoria Island
287,46,7,2,4000,Transfer,45622,Tuesday,Pepper Soup,2000,Robert Wise,7.22877E+14,hwebster@graham-russo.org,Male,18,Young Adult,Victoria Island
288,56,5,1,2700,Transfer,45687,Thursday,Amala & Ewedu,2700,Richard Bolton,2215862503,wagnermark@evans.com,Female,32,Middle Adult,Surulere
289,17,4,3,8400,Cash,45663,Monday,Eba & Ogbono Soup,2800,Andrea White,1.87159E+15,bsoto@leach-morgan.com,Female,39,Middle Adult,Yaba
290,39,7,3,6000,POS,45663,Monday,Pepper Soup,2000,Stacy Cruz,895337260,sbaker@becker-ramirez.com,Female,41,Middle Adult,Yaba
291,79,5,2,5400,Cash,45620,Sunday,Amala & Ewedu,2700,Zachary Williamson,9765282439,ryan88@yang.net,Male,36,Middle Adult,Yaba
292,100,1,1,2500,Cash,45632,Friday,Jollof Rice & Chicken,2500,Nancy Dunn,4.46463E+14,carlos74@johnson.com,Male,49,Senior Adult,Lekki
293,83,1,1,2500,Cash,45688,Friday,Jollof Rice & Chicken,2500,Jose Finley,3.0067E+12,lauren38@rasmussen-kim.com,Female,23,Young Adult,Ikeja
294,16,5,1,2700,Cash,45663,Monday,Amala & Ewedu,2700,Ralph Young,3.7139E+14,agolden@yahoo.com,Male,20,Young Adult,Lekki
295,32,9,1,1000,POS,45642,Monday,Zobo Drink,1000,Mark Hall,6.69009E+14,osanchez@hammond-hodge.info,Female,20,Young Adult,Ikeja
296,2,9,3,3000,Transfer,45643,Tuesday,Zobo Drink,1000,Rebecca Yu,1.9278E+15,bondjessica@cannon.info,Male,56,Senior Adult,Victoria Island
297,2,4,3,8400,POS,45639,Friday,Eba & Ogbono Soup,2800,Rebecca Yu,1.9278E+15,bondjessica@cannon.info,Male,56,Senior Adult,Victoria Island
298,34,9,1,1000,POS,45662,Sunday,Zobo Drink,1000,Keith Martinez,1841854566,kellyjacob@kelley.com,Female,21,Young Adult,Yaba
299,96,10,1,1800,Cash,45621,Monday,Palm Wine,1800,James Hart,2.18631E+13,logan68@anderson-dixon.org,Male,49,Senior Adult,Ikeja
300,9,7,3,6000,Transfer,45672,Wednesday,Pepper Soup,2000,Steven Kennedy,1598898484,christyscott@hotmail.com,Female,41,Middle Adult,Yaba
301,49,5,2,5400,Cash,45606,Sunday,Amala & Ewedu,2700,Hannah Johnston,3.63525E+12,rbyrd@hotmail.com,Male,29,Young Adult,Ikeja
302,93,4,3,8400,Transfer,45621,Monday,Eba & Ogbono Soup,2800,Michele Leon,2.32078E+14,gfranklin@myers.com,Male,21,Young Adult,Surulere
303,33,8,1,1500,Transfer,45627,Sunday,Chapman,1500,Lori Alvarez,6.1533E+14,vazquezjordan@fletcher.com,Male,40,Middle Adult,Lekki
304,12,8,3,4500,Transfer,45632,Friday,Chapman,1500,Joshua Newton,8.53817E+14,tannerrobert@salinas-mooney.info,Female,20,Young Adult,Lekki
305,3,9,1,1000,Transfer,45674,Friday,Zobo Drink,1000,Christian Brown,3.2138E+14,carterlisa@hotmail.com,Female,57,Senior Adult,Ikeja
306,30,4,3,8400,Transfer,45670,Monday,Eba & Ogbono Soup,2800,Misty Martinez,9445638533,uknapp@gomez.com,Female,50,Senior Adult,Ikeja
307,90,10,1,1800,POS,45687,Thursday,Palm Wine,1800,Harold Wood,1788435724,jodi01@yahoo.com,Male,44,Middle Adult,Ikeja
308,42,3,1,3000,POS,45621,Monday,Pounded Yam & Egusi,3000,Melanie Dominguez,7.12116E+13,phaney@hotmail.com,Male,36,Middle Adult,Yaba
309,71,3,3,9000,POS,45667,Friday,Pounded Yam & Egusi,3000,Curtis Sanchez,4.80804E+14,john57@hays.biz,Male,21,Young Adult,Ikeja
310,20,10,2,3600,Transfer,45692,Tuesday,Palm Wine,1800,Theresa Reyes,5.74689E+13,robersonjennifer@gmail.com,Female,33,Middle Adult,Ikeja
311,50,1,2,5000,Transfer,45614,Monday,Jollof Rice & Chicken,2500,Joshua Brown,9918142105,monica51@parker.com,Female,57,Senior Adult,Victoria Island
312,52,9,1,1000,Transfer,45664,Tuesday,Zobo Drink,1000,Jeffrey Anderson,7.57338E+12,anthony80@gmail.com,Female,31,Middle Adult,Ikeja
313,34,8,3,4500,Cash,45609,Wednesday,Chapman,1500,Keith Martinez,1841854566,kellyjacob@kelley.com,Female,21,Young Adult,Yaba
314,99,4,1,2800,POS,45617,Thursday,Eba & Ogbono Soup,2800,Morgan Meyer,9173950695,anthony33@gmail.com,Male,58,Senior Adult,Yaba
315,63,6,1,3500,Transfer,45642,Monday,Suya & Chips,3500,Derek Powell,4.15334E+14,orrtheresa@harper.biz,Male,30,Middle Adult,Lekki
316,51,8,3,4500,Transfer,45675,Saturday,Chapman,1500,Joshua Mcclure,1.79351E+13,xhamilton@clark-williams.com,Male,57,Senior Adult,Victoria Island
317,38,3,2,6000,Transfer,45617,Thursday,Pounded Yam & Egusi,3000,Debbie Snyder,7.18925E+13,drewellis@yahoo.com,Female,29,Young Adult,Victoria Island
318,32,7,3,6000,Transfer,45613,Sunday,Pepper Soup,2000,Mark Hall,6.69009E+14,osanchez@hammond-hodge.info,Female,20,Young Adult,Ikeja
319,27,10,1,1800,POS,45625,Friday,Palm Wine,1800,Vincent Lee,13166157013,istout@gmail.com,Male,56,Senior Adult,Ikeja
320,57,4,1,2800,POS,45630,Wednesday,Eba & Ogbono Soup,2800,Bradley Day II,1.20588E+13,martinmichael@hotmail.com,Female,36,Middle Adult,Lekki
321,55,7,2,4000,POS,45617,Thursday,Pepper Soup,2000,Amanda Rice,7951986926,samuel49@francis.com,Male,59,Senior Adult,Surulere
322,27,4,2,5600,Transfer,45611,Friday,Eba & Ogbono Soup,2800,Vincent Lee,13166157013,istout@gmail.com,Male,56,Senior Adult,Ikeja
323,23,2,1,2300,POS,45685,Tuesday,Fried Rice & Beef,2300,Karen Hamilton,1276795899,gardnerautumn@miller.org,Female,32,Middle Adult,Lekki
324,99,1,2,5000,POS,45675,Saturday,Jollof Rice & Chicken,2500,Morgan Meyer,9173950695,anthony33@gmail.com,Male,58,Senior Adult,Yaba
325,50,2,3,6900,POS,45630,Wednesday,Fried Rice & Beef,2300,Joshua Brown,9918142105,monica51@parker.com,Female,57,Senior Adult,Victoria Island
326,56,2,2,4600,POS,45632,Friday,Fried Rice & Beef,2300,Richard Bolton,2215862503,wagnermark@evans.com,Female,32,Middle Adult,Surulere
327,97,6,3,10500,POS,45668,Saturday,Suya & Chips,3500,Austin Ramsey,1.37136E+14,courtneyvazquez@yahoo.com,Female,23,Young Adult,Ikeja
328,39,3,1,3000,Cash,45622,Tuesday,Pounded Yam & Egusi,3000,Stacy Cruz,895337260,sbaker@becker-ramirez.com,Female,41,Middle Adult,Yaba
329,53,10,2,3600,Transfer,45651,Wednesday,Palm Wine,1800,Lisa Logan,6.29227E+12,john31@malone.info,Female,37,Middle Adult,Ikeja
330,22,6,2,7000,Transfer,45635,Monday,Suya & Chips,3500,Kathleen Powell,9.29226E+13,arnoldamy@blevins.biz,Male,26,Young Adult,Lekki
331,43,8,2,3000,Transfer,45674,Friday,Chapman,1500,Annette Jones,1.04119E+13,sbush@hotmail.com,Male,54,Senior Adult,Lekki
332,12,7,1,2000,POS,45613,Sunday,Pepper Soup,2000,Joshua Newton,8.53817E+14,tannerrobert@salinas-mooney.info,Female,20,Young Adult,Lekki
333,80,8,1,1500,Cash,45622,Tuesday,Chapman,1500,John Miller,5337665337,erikadavenport@sullivan-clarke.org,Female,52,Senior Adult,Victoria Island
334,97,4,2,5600,POS,45677,Monday,Eba & Ogbono Soup,2800,Austin Ramsey,1.37136E+14,courtneyvazquez@yahoo.com,Female,23,Young Adult,Ikeja
335,40,1,2,5000,Cash,45622,Tuesday,Jollof Rice & Chicken,2500,Cynthia Mills,8.46931E+14,sandra02@hotmail.com,Female,54,Senior Adult,Surulere
336,28,9,1,1000,POS,45626,Saturday,Zobo Drink,1000,Cynthia Russell,8.76412E+13,eddie89@barry.com,Female,48,Senior Adult,Ikeja
337,48,2,3,6900,POS,45672,Wednesday,Fried Rice & Beef,2300,Erin Rhodes,8.03959E+14,rebecca12@long-anderson.com,Male,18,Young Adult,Lekki
338,56,6,2,7000,Cash,45683,Sunday,Suya & Chips,3500,Richard Bolton,2215862503,wagnermark@evans.com,Female,32,Middle Adult,Surulere
339,40,7,2,4000,Transfer,45654,Saturday,Pepper Soup,2000,Cynthia Mills,8.46931E+14,sandra02@hotmail.com,Female,54,Senior Adult,Surulere
340,7,4,3,8400,POS,45682,Saturday,Eba & Ogbono Soup,2800,Deborah Benjamin,1.39828E+15,heather12@hawkins.com,Male,47,Senior Adult,Lekki
341,14,3,1,3000,POS,45664,Tuesday,Pounded Yam & Egusi,3000,Cheryl Holmes,1.9046E+14,reginadiaz@gmail.com,Female,26,Young Adult,Ikeja
342,55,3,3,9000,POS,45674,Friday,Pounded Yam & Egusi,3000,Amanda Rice,7951986926,samuel49@francis.com,Male,59,Senior Adult,Surulere
343,54,8,1,1500,POS,45612,Saturday,Chapman,1500,Sandra Jefferson,7.52096E+13,annabarton@moreno-moore.com,Male,18,Young Adult,Ikeja
344,73,9,1,1000,POS,45688,Friday,Zobo Drink,1000,Robert Snyder,1.23926E+14,sethjackson@phillips.com,Female,38,Middle Adult,Surulere
345,1,1,1,2500,Transfer,45682,Saturday,Jollof Rice & Chicken,2500,Catherine Reynolds,3298724994,tonya54@stewart.com,Male,25,Young Adult,Victoria Island
346,16,5,2,5400,POS,45647,Saturday,Amala & Ewedu,2700,Ralph Young,3.7139E+14,agolden@yahoo.com,Male,20,Young Adult,Lekki
347,41,4,3,8400,Cash,45630,Wednesday,Eba & Ogbono Soup,2800,William Olsen,3.06812E+12,jill23@hotmail.com,Male,27,Young Adult,Yaba
348,35,8,3,4500,Transfer,45627,Sunday,Chapman,1500,Daniel Rocha,1.95588E+15,sarahcamacho@robinson.com,Female,28,Young Adult,Yaba
349,38,10,1,1800,Cash,45642,Monday,Palm Wine,1800,Debbie Snyder,7.18925E+13,drewellis@yahoo.com,Female,29,Young Adult,Victoria Island
350,20,5,3,8100,POS,45656,Monday,Amala & Ewedu,2700,Theresa Reyes,5.74689E+13,robersonjennifer@gmail.com,Female,33,Middle Adult,Ikeja
351,20,7,1,2000,Transfer,45657,Tuesday,Pepper Soup,2000,Theresa Reyes,5.74689E+13,robersonjennifer@gmail.com,Female,33,Middle Adult,Ikeja
352,49,1,1,2500,POS,45636,Tuesday,Jollof Rice & Chicken,2500,Hannah Johnston,3.63525E+12,rbyrd@hotmail.com,Male,29,Young Adult,Ikeja
353,50,1,1,2500,POS,45632,Friday,Jollof Rice & Chicken,2500,Joshua Brown,9918142105,monica51@parker.com,Female,57,Senior Adult,Victoria Island
354,4,1,3,7500,Transfer,45622,Tuesday,Jollof Rice & Chicken,2500,John Thompson,7027791220,alexisanderson@figueroa.biz,Female,40,Middle Adult,Ikeja
355,6,5,2,5400,Cash,45667,Friday,Amala & Ewedu,2700,Daniel Hickman,1.57471E+15,omason@hotmail.com,Female,43,Middle Adult,Yaba
356,95,5,3,8100,Cash,45637,Wednesday,Amala & Ewedu,2700,Steven Olson,4.71579E+14,grantwoods@gmail.com,Female,30,Middle Adult,Yaba
357,40,10,1,1800,Transfer,45695,Friday,Palm Wine,1800,Cynthia Mills,8.46931E+14,sandra02@hotmail.com,Female,54,Senior Adult,Surulere
358,74,2,2,4600,Cash,45696,Saturday,Fried Rice & Beef,2300,Stephen Blake,4.53538E+13,nmiller@parker.com,Male,26,Young Adult,Victoria Island
359,21,6,2,7000,Cash,45607,Monday,Suya & Chips,3500,Jeffrey Gamble,1533900422,whitedanny@bradford.com,Male,29,Young Adult,Surulere
360,33,2,1,2300,Cash,45617,Thursday,Fried Rice & Beef,2300,Lori Alvarez,6.1533E+14,vazquezjordan@fletcher.com,Male,40,Middle Adult,Lekki
361,23,7,1,2000,Cash,45655,Sunday,Pepper Soup,2000,Karen Hamilton,1276795899,gardnerautumn@miller.org,Female,32,Middle Adult,Lekki
362,29,6,3,10500,Transfer,45640,Saturday,Suya & Chips,3500,Caleb Mcclain,5.82226E+13,paul30@bass.info,Male,57,Senior Adult,Surulere
363,49,9,3,3000,Cash,45679,Wednesday,Zobo Drink,1000,Hannah Johnston,3.63525E+12,rbyrd@hotmail.com,Male,29,Young Adult,Ikeja
364,78,1,1,2500,Cash,45668,Saturday,Jollof Rice & Chicken,2500,Shawn Clark,5308002863,pattonjames@valentine.com,Male,22,Young Adult,Ikeja
365,34,8,1,1500,POS,45614,Monday,Chapman,1500,Keith Martinez,1841854566,kellyjacob@kelley.com,Female,21,Young Adult,Yaba
366,24,9,2,2000,Cash,45671,Tuesday,Zobo Drink,1000,Chad Kim,7.90437E+12,jonathan71@jackson.info,Female,60,Senior Adult,Lekki
367,13,2,3,6900,Cash,45687,Thursday,Fried Rice & Beef,2300,Bethany Massey MD,3468240534,stoneryan@thompson-boyd.com,Male,32,Middle Adult,Yaba
368,92,8,1,1500,Transfer,45653,Friday,Chapman,1500,Jason Evans,4.75414E+12,grantcraig@hotmail.com,Female,31,Middle Adult,Lekki
369,22,3,1,3000,POS,45646,Friday,Pounded Yam & Egusi,3000,Kathleen Powell,9.29226E+13,arnoldamy@blevins.biz,Male,26,Young Adult,Lekki
370,73,5,1,2700,Cash,45606,Sunday,Amala & Ewedu,2700,Robert Snyder,1.23926E+14,sethjackson@phillips.com,Female,38,Middle Adult,Surulere
371,66,10,2,3600,POS,45613,Sunday,Palm Wine,1800,Gregory Smith,5.71101E+13,cranenichole@yahoo.com,Male,44,Middle Adult,Ikeja
372,2,2,3,6900,Transfer,45681,Friday,Fried Rice & Beef,2300,Rebecca Yu,1.9278E+15,bondjessica@cannon.info,Male,56,Senior Adult,Victoria Island
373,60,6,2,7000,POS,45684,Monday,Suya & Chips,3500,Brian Maldonado,1.11713E+12,fostereric@rogers.com,Male,44,Middle Adult,Victoria Island
374,90,10,3,5400,Transfer,45623,Wednesday,Palm Wine,1800,Harold Wood,1788435724,jodi01@yahoo.com,Male,44,Middle Adult,Ikeja
375,79,10,2,3600,Cash,45677,Monday,Palm Wine,1800,Zachary Williamson,9765282439,ryan88@yang.net,Male,36,Middle Adult,Yaba
376,11,7,3,6000,Transfer,45621,Monday,Pepper Soup,2000,Cole Evans,3.32705E+14,rlang@hotmail.com,Male,59,Senior Adult,Surulere
377,91,8,1,1500,Cash,45616,Wednesday,Chapman,1500,Alicia Reese,4255190437,lnelson@gmail.com,Male,54,Senior Adult,Victoria Island
378,12,1,2,5000,Cash,45613,Sunday,Jollof Rice & Chicken,2500,Joshua Newton,8.53817E+14,tannerrobert@salinas-mooney.info,Female,20,Young Adult,Lekki
379,56,5,3,8100,POS,45650,Tuesday,Amala & Ewedu,2700,Richard Bolton,2215862503,wagnermark@evans.com,Female,32,Middle Adult,Surulere
380,25,9,1,1000,Cash,45627,Sunday,Zobo Drink,1000,Andrew Robbins,1882306534,debra59@bailey.com,Male,27,Young Adult,Victoria Island
381,91,10,1,1800,Cash,45691,Monday,Palm Wine,1800,Alicia Reese,4255190437,lnelson@gmail.com,Male,54,Senior Adult,Victoria Island
382,29,9,1,1000,Cash,45667,Friday,Zobo Drink,1000,Caleb Mcclain,5.82226E+13,paul30@bass.info,Male,57,Senior Adult,Surulere
383,85,9,2,2000,Transfer,45667,Friday,Zobo Drink,1000,Alyssa Sullivan,8.42881E+13,jacksonkevin@gmail.com,Male,46,Senior Adult,Lekki
384,30,8,2,3000,Cash,45622,Tuesday,Chapman,1500,Misty Martinez,9445638533,uknapp@gomez.com,Female,50,Senior Adult,Ikeja
385,96,9,1,1000,Transfer,45652,Thursday,Zobo Drink,1000,James Hart,2.18631E+13,logan68@anderson-dixon.org,Male,49,Senior Adult,Ikeja
386,73,9,3,3000,POS,45628,Monday,Zobo Drink,1000,Robert Snyder,1.23926E+14,sethjackson@phillips.com,Female,38,Middle Adult,Surulere
387,97,10,1,1800,POS,45670,Monday,Palm Wine,1800,Austin Ramsey,1.37136E+14,courtneyvazquez@yahoo.com,Female,23,Young Adult,Ikeja
388,30,6,3,10500,POS,45624,Thursday,Suya & Chips,3500,Misty Martinez,9445638533,uknapp@gomez.com,Female,50,Senior Adult,Ikeja
389,82,3,1,3000,Transfer,45663,Monday,Pounded Yam & Egusi,3000,Kelly Pruitt,8138031633,hdixon@andrews.com,Male,22,Young Adult,Surulere
390,83,5,1,2700,Transfer,45685,Tuesday,Amala & Ewedu,2700,Jose Finley,3.0067E+12,lauren38@rasmussen-kim.com,Female,23,Young Adult,Ikeja
391,51,3,1,3000,Cash,45687,Thursday,Pounded Yam & Egusi,3000,Joshua Mcclure,1.79351E+13,xhamilton@clark-williams.com,Male,57,Senior Adult,Victoria Island
392,92,1,1,2500,Transfer,45666,Thursday,Jollof Rice & Chicken,2500,Jason Evans,4.75414E+12,grantcraig@hotmail.com,Female,31,Middle Adult,Lekki
393,76,7,3,6000,Transfer,45670,Monday,Pepper Soup,2000,Christian Collins,1474327127,danielcole@hotmail.com,Female,34,Middle Adult,Lekki
394,43,7,1,2000,Cash,45651,Wednesday,Pepper Soup,2000,Annette Jones,1.04119E+13,sbush@hotmail.com,Male,54,Senior Adult,Lekki
395,4,9,1,1000,Cash,45654,Saturday,Zobo Drink,1000,John Thompson,7027791220,alexisanderson@figueroa.biz,Female,40,Middle Adult,Ikeja
396,57,6,1,3500,POS,45626,Saturday,Suya & Chips,3500,Bradley Day II,1.20588E+13,martinmichael@hotmail.com,Female,36,Middle Adult,Lekki
397,96,10,2,3600,POS,45662,Sunday,Palm Wine,1800,James Hart,2.18631E+13,logan68@anderson-dixon.org,Male,49,Senior Adult,Ikeja
398,90,4,2,5600,Cash,45609,Wednesday,Eba & Ogbono Soup,2800,Harold Wood,1788435724,jodi01@yahoo.com,Male,44,Middle Adult,Ikeja
399,60,9,3,3000,Cash,45639,Friday,Zobo Drink,1000,Brian Maldonado,1.11713E+12,fostereric@rogers.com,Male,44,Middle Adult,Victoria Island
400,11,1,2,5000,Cash,45641,Sunday,Jollof Rice & Chicken,2500,Cole Evans,3.32705E+14,rlang@hotmail.com,Male,59,Senior Adult,Surulere
401,45,5,3,8100,Cash,45649,Monday,Amala & Ewedu,2700,Joshua Ortiz,74737005,williamdavis@davis-smith.biz,Female,41,Middle Adult,Ikeja
402,50,8,1,1500,Cash,45682,Saturday,Chapman,1500,Joshua Brown,9918142105,monica51@parker.com,Female,57,Senior Adult,Victoria Island
403,48,10,2,3600,POS,45688,Friday,Palm Wine,1800,Erin Rhodes,8.03959E+14,rebecca12@long-anderson.com,Male,18,Young Adult,Lekki
404,39,1,3,7500,Transfer,45623,Wednesday,Jollof Rice & Chicken,2500,Stacy Cruz,895337260,sbaker@becker-ramirez.com,Female,41,Middle Adult,Yaba
405,81,5,1,2700,Transfer,45620,Sunday,Amala & Ewedu,2700,Ryan Matthews,4065838478,scottbryant@gmail.com,Female,33,Middle Adult,Ikeja
406,88,2,1,2300,Cash,45656,Monday,Fried Rice & Beef,2300,Hannah Knight,1.71897E+15,amanda21@morgan.com,Male,39,Middle Adult,Lekki
407,3,6,1,3500,Cash,45617,Thursday,Suya & Chips,3500,Christian Brown,3.2138E+14,carterlisa@hotmail.com,Female,57,Senior Adult,Ikeja
408,19,7,3,6000,Cash,45634,Sunday,Pepper Soup,2000,Melissa Soto,7109312682,shafferwilliam@garrett.com,Male,60,Senior Adult,Victoria Island
409,2,4,2,5600,Cash,45612,Saturday,Eba & Ogbono Soup,2800,Rebecca Yu,1.9278E+15,bondjessica@cannon.info,Male,56,Senior Adult,Victoria Island
410,66,3,2,6000,Cash,45673,Thursday,Pounded Yam & Egusi,3000,Gregory Smith,5.71101E+13,cranenichole@yahoo.com,Male,44,Middle Adult,Ikeja
411,88,2,1,2300,Transfer,45695,Friday,Fried Rice & Beef,2300,Hannah Knight,1.71897E+15,amanda21@morgan.com,Male,39,Middle Adult,Lekki
412,62,1,1,2500,Cash,45679,Wednesday,Jollof Rice & Chicken,2500,David Thomas,1.69019E+13,tamarabates@reese.com,Male,24,Young Adult,Ikeja
413,32,3,2,6000,Cash,45693,Wednesday,Pounded Yam & Egusi,3000,Mark Hall,6.69009E+14,osanchez@hammond-hodge.info,Female,20,Young Adult,Ikeja
414,84,9,2,2000,POS,45692,Tuesday,Zobo Drink,1000,Lisa Hicks,6.1646E+13,grace76@gmail.com,Male,27,Young Adult,Lekki
415,45,4,1,2800,POS,45608,Tuesday,Eba & Ogbono Soup,2800,Joshua Ortiz,74737005,williamdavis@davis-smith.biz,Female,41,Middle Adult,Ikeja
416,8,8,2,3000,Transfer,45642,Monday,Chapman,1500,Robert Shelton,13650146515,jacqueline04@hotmail.com,Male,54,Senior Adult,Victoria Island
417,18,8,3,4500,POS,45644,Wednesday,Chapman,1500,Connor Lang,3503121302,schaefercharles@sims.com,Male,42,Middle Adult,Lekki
418,20,8,3,4500,Cash,45627,Sunday,Chapman,1500,Theresa Reyes,5.74689E+13,robersonjennifer@gmail.com,Female,33,Middle Adult,Ikeja
419,25,7,2,4000,POS,45615,Tuesday,Pepper Soup,2000,Andrew Robbins,1882306534,debra59@bailey.com,Male,27,Young Adult,Victoria Island
420,84,4,1,2800,POS,45665,Wednesday,Eba & Ogbono Soup,2800,Lisa Hicks,6.1646E+13,grace76@gmail.com,Male,27,Young Adult,Lekki
421,34,2,3,6900,POS,45646,Friday,Fried Rice & Beef,2300,Keith Martinez,1841854566,kellyjacob@kelley.com,Female,21,Young Adult,Yaba
422,68,5,1,2700,Cash,45630,Wednesday,Amala & Ewedu,2700,Michael Forbes,1.92361E+13,kristin18@johnson.org,Female,47,Senior Adult,Surulere
423,58,8,1,1500,Transfer,45651,Wednesday,Chapman,1500,Bruce Campbell,3515,rnielsen@arellano.com,Male,20,Young Adult,Yaba
424,72,1,3,7500,POS,45696,Saturday,Jollof Rice & Chicken,2500,Caitlin Sellers,2.30599E+12,jeffrey25@hotmail.com,Male,47,Senior Adult,Victoria Island
425,48,1,3,7500,Cash,45685,Tuesday,Jollof Rice & Chicken,2500,Erin Rhodes,8.03959E+14,rebecca12@long-anderson.com,Male,18,Young Adult,Lekki
426,33,7,1,2000,Transfer,45639,Friday,Pepper Soup,2000,Lori Alvarez,6.1533E+14,vazquezjordan@fletcher.com,Male,40,Middle Adult,Lekki
427,30,4,1,2800,Cash,45667,Friday,Eba & Ogbono Soup,2800,Misty Martinez,9445638533,uknapp@gomez.com,Female,50,Senior Adult,Ikeja
428,13,8,2,3000,Transfer,45615,Tuesday,Chapman,1500,Bethany Massey MD,3468240534,stoneryan@thompson-boyd.com,Male,32,Middle Adult,Yaba
429,71,4,1,2800,Transfer,45614,Monday,Eba & Ogbono Soup,2800,Curtis Sanchez,4.80804E+14,john57@hays.biz,Male,21,Young Adult,Ikeja
430,28,9,2,2000,Transfer,45670,Monday,Zobo Drink,1000,Cynthia Russell,8.76412E+13,eddie89@barry.com,Female,48,Senior Adult,Ikeja
431,44,4,3,8400,Transfer,45620,Sunday,Eba & Ogbono Soup,2800,Casey Berg,2.05123E+14,devin80@torres.biz,Male,39,Middle Adult,Surulere
432,51,10,2,3600,Cash,45628,Monday,Palm Wine,1800,Joshua Mcclure,1.79351E+13,xhamilton@clark-williams.com,Male,57,Senior Adult,Victoria Island
433,51,10,1,1800,Transfer,45691,Monday,Palm Wine,1800,Joshua Mcclure,1.79351E+13,xhamilton@clark-williams.com,Male,57,Senior Adult,Victoria Island
434,17,5,2,5400,POS,45647,Saturday,Amala & Ewedu,2700,Andrea White,1.87159E+15,bsoto@leach-morgan.com,Female,39,Middle Adult,Yaba
435,98,6,2,7000,Cash,45672,Wednesday,Suya & Chips,3500,Rebecca Lopez,1.57025E+15,tthompson@miller.net,Female,52,Senior Adult,Ikeja
436,86,6,1,3500,Cash,45650,Tuesday,Suya & Chips,3500,Jacqueline Mcpherson,1997453086,uortega@garcia.info,Female,29,Young Adult,Surulere
437,42,6,1,3500,POS,45659,Thursday,Suya & Chips,3500,Melanie Dominguez,7.12116E+13,phaney@hotmail.com,Male,36,Middle Adult,Yaba
438,46,10,2,3600,POS,45664,Tuesday,Palm Wine,1800,Robert Wise,7.22877E+14,hwebster@graham-russo.org,Male,18,Young Adult,Victoria Island
439,96,7,1,2000,Transfer,45616,Wednesday,Pepper Soup,2000,James Hart,2.18631E+13,logan68@anderson-dixon.org,Male,49,Senior Adult,Ikeja
440,77,3,1,3000,Transfer,45628,Monday,Pounded Yam & Egusi,3000,Ryan Dawson,6581437820,mmorris@liu.info,Female,23,Young Adult,Yaba
441,48,8,1,1500,POS,45656,Monday,Chapman,1500,Erin Rhodes,8.03959E+14,rebecca12@long-anderson.com,Male,18,Young Adult,Lekki
442,33,8,3,4500,Cash,45680,Thursday,Chapman,1500,Lori Alvarez,6.1533E+14,vazquezjordan@fletcher.com,Male,40,Middle Adult,Lekki
443,47,10,1,1800,Cash,45688,Friday,Palm Wine,1800,Michael Williams,1.95886E+15,loribaker@anderson.info,Female,57,Senior Adult,Victoria Island
444,100,6,2,7000,POS,45615,Tuesday,Suya & Chips,3500,Nancy Dunn,4.46463E+14,carlos74@johnson.com,Male,49,Senior Adult,Lekki
445,67,2,1,2300,POS,45663,Monday,Fried Rice & Beef,2300,Roger Rodriguez Jr.,1.4119E+14,erinblankenship@clayton.com,Male,44,Middle Adult,Victoria Island
446,2,5,3,8100,Cash,45617,Thursday,Amala & Ewedu,2700,Rebecca Yu,1.9278E+15,bondjessica@cannon.info,Male,56,Senior Adult,Victoria Island
447,59,6,1,3500,POS,45690,Sunday,Suya & Chips,3500,Mr. Andrew Riley II,5.92252E+12,sean31@hatfield-brown.org,Female,37,Middle Adult,Victoria Island
448,87,4,1,2800,Transfer,45662,Sunday,Eba & Ogbono Soup,2800,Jim Zamora,5.39287E+13,charlotte07@yahoo.com,Male,37,Middle Adult,Lekki
449,66,8,2,3000,Cash,45625,Friday,Chapman,1500,Gregory Smith,5.71101E+13,cranenichole@yahoo.com,Male,44,Middle Adult,Ikeja
450,45,1,3,7500,POS,45690,Sunday,Jollof Rice & Chicken,2500,Joshua Ortiz,74737005,williamdavis@davis-smith.biz,Female,41,Middle Adult,Ikeja
451,48,5,2,5400,Transfer,45628,Monday,Amala & Ewedu,2700,Erin Rhodes,8.03959E+14,rebecca12@long-anderson.com,Male,18,Young Adult,Lekki
452,51,4,2,5600,Transfer,45691,Monday,Eba & Ogbono Soup,2800,Joshua Mcclure,1.79351E+13,xhamilton@clark-williams.com,Male,57,Senior Adult,Victoria Island
453,60,6,2,7000,POS,45660,Friday,Suya & Chips,3500,Brian Maldonado,1.11713E+12,fostereric@rogers.com,Male,44,Middle Adult,Victoria Island
454,97,8,2,3000,Cash,45675,Saturday,Chapman,1500,Austin Ramsey,1.37136E+14,courtneyvazquez@yahoo.com,Female,23,Young Adult,Ikeja
455,86,1,2,5000,POS,45611,Friday,Jollof Rice & Chicken,2500,Jacqueline Mcpherson,1997453086,uortega@garcia.info,Female,29,Young Adult,Surulere
456,100,9,3,3000,POS,45665,Wednesday,Zobo Drink,1000,Nancy Dunn,4.46463E+14,carlos74@johnson.com,Male,49,Senior Adult,Lekki
457,37,3,2,6000,POS,45663,Monday,Pounded Yam & Egusi,3000,Heather Martin,9460,brandi32@gmail.com,Male,32,Middle Adult,Surulere
458,24,8,3,4500,Transfer,45638,Thursday,Chapman,1500,Chad Kim,7.90437E+12,jonathan71@jackson.info,Female,60,Senior Adult,Lekki
459,90,1,2,5000,Transfer,45630,Wednesday,Jollof Rice & Chicken,2500,Harold Wood,1788435724,jodi01@yahoo.com,Male,44,Middle Adult,Ikeja
460,99,1,3,7500,Transfer,45655,Sunday,Jollof Rice & Chicken,2500,Morgan Meyer,9173950695,anthony33@gmail.com,Male,58,Senior Adult,Yaba
461,40,8,2,3000,Cash,45611,Friday,Chapman,1500,Cynthia Mills,8.46931E+14,sandra02@hotmail.com,Female,54,Senior Adult,Surulere
462,29,8,2,3000,POS,45612,Saturday,Chapman,1500,Caleb Mcclain,5.82226E+13,paul30@bass.info,Male,57,Senior Adult,Surulere
463,70,10,3,5400,POS,45655,Sunday,Palm Wine,1800,David Gilbert,1.16913E+14,jenniferrodriguez@gmail.com,Male,19,Young Adult,Yaba
464,40,1,3,7500,POS,45621,Monday,Jollof Rice & Chicken,2500,Cynthia Mills,8.46931E+14,sandra02@hotmail.com,Female,54,Senior Adult,Surulere
465,45,4,3,8400,Cash,45626,Saturday,Eba & Ogbono Soup,2800,Joshua Ortiz,74737005,williamdavis@davis-smith.biz,Female,41,Middle Adult,Ikeja
466,53,2,3,6900,Cash,45654,Saturday,Fried Rice & Beef,2300,Lisa Logan,6.29227E+12,john31@malone.info,Female,37,Middle Adult,Ikeja
467,15,1,3,7500,Cash,45651,Wednesday,Jollof Rice & Chicken,2500,Tony Moore,2.75739E+14,zjohnson@hotmail.com,Female,44,Middle Adult,Yaba
468,43,5,3,8100,Transfer,45619,Saturday,Amala & Ewedu,2700,Annette Jones,1.04119E+13,sbush@hotmail.com,Male,54,Senior Adult,Lekki
469,6,2,2,4600,POS,45605,Saturday,Fried Rice & Beef,2300,Daniel Hickman,1.57471E+15,omason@hotmail.com,Female,43,Middle Adult,Yaba
470,64,9,3,3000,Transfer,45652,Thursday,Zobo Drink,1000,Mark Smith,3535781228,philip75@carter-king.com,Female,51,Senior Adult,Yaba
471,6,8,1,1500,Cash,45687,Thursday,Chapman,1500,Daniel Hickman,1.57471E+15,omason@hotmail.com,Female,43,Middle Adult,Yaba
472,23,1,2,5000,POS,45657,Tuesday,Jollof Rice & Chicken,2500,Karen Hamilton,1276795899,gardnerautumn@miller.org,Female,32,Middle Adult,Lekki
473,31,6,2,7000,POS,45692,Tuesday,Suya & Chips,3500,Bethany Coleman,5306567237,bryantsheila@blackburn.com,Female,37,Middle Adult,Victoria Island
474,48,2,1,2300,POS,45619,Saturday,Fried Rice & Beef,2300,Erin Rhodes,8.03959E+14,rebecca12@long-anderson.com,Male,18,Young Adult,Lekki
475,92,4,1,2800,Transfer,45647,Saturday,Eba & Ogbono Soup,2800,Jason Evans,4.75414E+12,grantcraig@hotmail.com,Female,31,Middle Adult,Lekki
476,88,4,2,5600,Transfer,45683,Sunday,Eba & Ogbono Soup,2800,Hannah Knight,1.71897E+15,amanda21@morgan.com,Male,39,Middle Adult,Lekki
477,59,6,1,3500,Transfer,45622,Tuesday,Suya & Chips,3500,Mr. Andrew Riley II,5.92252E+12,sean31@hatfield-brown.org,Female,37,Middle Adult,Victoria Island
478,47,1,2,5000,POS,45615,Tuesday,Jollof Rice & Chicken,2500,Michael Williams,1.95886E+15,loribaker@anderson.info,Female,57,Senior Adult,Victoria Island
479,44,3,1,3000,Transfer,45682,Saturday,Pounded Yam & Egusi,3000,Casey Berg,2.05123E+14,devin80@torres.biz,Male,39,Middle Adult,Surulere
480,6,4,3,8400,Transfer,45619,Saturday,Eba & Ogbono Soup,2800,Daniel Hickman,1.57471E+15,omason@hotmail.com,Female,43,Middle Adult,Yaba
481,42,9,3,3000,Transfer,45656,Monday,Zobo Drink,1000,Melanie Dominguez,7.12116E+13,phaney@hotmail.com,Male,36,Middle Adult,Yaba
482,24,3,2,6000,Transfer,45661,Saturday,Pounded Yam & Egusi,3000,Chad Kim,7.90437E+12,jonathan71@jackson.info,Female,60,Senior Adult,Lekki
483,19,1,3,7500,Transfer,45612,Saturday,Jollof Rice & Chicken,2500,Melissa Soto,7109312682,shafferwilliam@garrett.com,Male,60,Senior Adult,Victoria Island
484,87,8,2,3000,Transfer,45667,Friday,Chapman,1500,Jim Zamora,5.39287E+13,charlotte07@yahoo.com,Male,37,Middle Adult,Lekki
485,9,9,1,1000,Transfer,45626,Saturday,Zobo Drink,1000,Steven Kennedy,1598898484,christyscott@hotmail.com,Female,41,Middle Adult,Yaba
486,44,10,2,3600,Cash,45661,Saturday,Palm Wine,1800,Casey Berg,2.05123E+14,devin80@torres.biz,Male,39,Middle Adult,Surulere
487,29,6,2,7000,Cash,45647,Saturday,Suya & Chips,3500,Caleb Mcclain,5.82226E+13,paul30@bass.info,Male,57,Senior Adult,Surulere
488,84,4,3,8400,POS,45654,Saturday,Eba & Ogbono Soup,2800,Lisa Hicks,6.1646E+13,grace76@gmail.com,Male,27,Young Adult,Lekki
489,56,3,2,6000,POS,45609,Wednesday,Pounded Yam & Egusi,3000,Richard Bolton,2215862503,wagnermark@evans.com,Female,32,Middle Adult,Surulere
490,65,10,2,3600,POS,45611,Friday,Palm Wine,1800,Dr. Elijah Gilbert II,1.22337E+15,theresabarnes@may.com,Male,48,Senior Adult,Ikeja
491,30,6,2,7000,Transfer,45632,Friday,Suya & Chips,3500,Misty Martinez,9445638533,uknapp@gomez.com,Female,50,Senior Adult,Ikeja
492,90,4,3,8400,Cash,45624,Thursday,Eba & Ogbono Soup,2800,Harold Wood,1788435724,jodi01@yahoo.com,Male,44,Middle Adult,Ikeja
493,13,2,2,4600,Cash,45662,Sunday,Fried Rice & Beef,2300,Bethany Massey MD,3468240534,stoneryan@thompson-boyd.com,Male,32,Middle Adult,Yaba
494,84,8,2,3000,Cash,45690,Sunday,Chapman,1500,Lisa Hicks,6.1646E+13,grace76@gmail.com,Male,27,Young Adult,Lekki
495,25,6,2,7000,Transfer,45669,Sunday,Suya & Chips,3500,Andrew Robbins,1882306534,debra59@bailey.com,Male,27,Young Adult,Victoria Island
496,45,10,1,1800,Transfer,45684,Monday,Palm Wine,1800,Joshua Ortiz,74737005,williamdavis@davis-smith.biz,Female,41,Middle Adult,Ikeja
497,59,4,3,8400,Cash,45692,Tuesday,Eba & Ogbono Soup,2800,Mr. Andrew Riley II,5.92252E+12,sean31@hatfield-brown.org,Female,37,Middle Adult,Victoria Island
498,82,2,2,4600,Cash,45673,Thursday,Fried Rice & Beef,2300,Kelly Pruitt,8138031633,hdixon@andrews.com,Male,22,Young Adult,Surulere
499,75,8,2,3000,Cash,45650,Tuesday,Chapman,1500,Michael Gonzales,16500956247,becky92@yahoo.com,Female,48,Senior Adult,Ikeja
500,70,10,3,5400,Transfer,45669,Sunday,Palm Wine,1800,David Gilbert,1.16913E+14,jenniferrodriguez@gmail.com,Male,19,Young Adult,Yaba
